{"0": {"precision": 0.9010886469673406, "recall": 0.8949644732777263, "f1-score": 0.898016119032858, "support": 3237}, "1": {"precision": 0.8982089552238806, "recall": 0.8934085510688836, "f1-score": 0.8958023221196785, "support": 3368}, "2": {"precision": 0.8358392144829703, "recall": 0.8462255358807083, "f1-score": 0.8410003087372645, "support": 3219}, "accuracy": 0.8784609120521173, "macro avg": {"precision": 0.8783789388913972, "recall": 0.8781995200757727, "f1-score": 0.8782729166299337, "support": 9824}, "weighted avg": {"precision": 0.8787213093289895, "recall": 0.8784609120521173, "f1-score": 0.8785749584724849, "support": 9824}}
